"Parent Account ID","Parent Name","Parent Email","Parent Prefecture","Parent Registered Date","Child Name","Child gender","Child Birthday","Child School Link Date"
"3","サトシ","nahanaha7@gmail.com","東京都","2018-08-09 13:04:49","太郎","Male","2017-03-01",""
"3","サトシ","nahanaha7@gmail.com","東京都","2018-08-09 13:04:49","亜美","Female","2015-03-01",""
"7","わかおみあかね","love.t-g@softbank.ne.jp","東京都","2018-08-09 13:50:45","りい","Male","2013-03-01",""
"8","すずき","hsuzu@essentia.co.jp","神奈川県","2018-08-10 12:30:43","himari","Female","2003-06-10",""
"9","マルちゃん","removed_maruyama@mealcare.co.jp","長野県","2018-08-10 17:46:24","さくらちゃん","Male","2013-03-01",""
"5","パパ","yukawa@seasoft.asia","東京都","2018-08-09 13:13:18","ジュエル","Female","2015-10-21",""
"120","Tri","t05@yopmail.com","秋田県","2018-10-09 17:03:24","鈴木瀬奈","Female","2015-03-06",""
"155","パパ","kazuya@seasoft.asia","東京都","2018-10-11 19:32:23","ジュエル","Female","2015-09-21",""
"156","Mai Nguyễn Quang Tri","t001@yopmail.com","宮城県","2018-10-11 19:40:54","山田 太郎","Male","2017-03-01",""
"157","Parenting plan","op@yopmail.com","三重県","2018-10-11 20:07:38","鈴木瀬奈","Female","2015-03-06",""
"158","Hironori Maruyama","maruyama@mealcare.co.jp","長野県","2018-10-11 20:20:07","まな","Male","1999-10-30",""
"159","パパ","kazuya@yukawa.asia","東京都","2018-10-11 22:47:14","ジュエル","Female","2015-09-21",""
"160","Quang Tri Mobi","t002@yopmail.com","秋田県","2018-10-11 23:00:09","山田 太郎","Male","2017-03-01",""
"161","Quang Tri Mobi","t003@yopmail.com","秋田県","2018-10-11 23:05:04","山田 太郎","Male","2017-03-01",""
"162","パパ","kazuyayukawa@gmail.com","東京都","2018-10-11 23:15:22","ジュエル","Female","2015-09-21",""
"164","パパ","seasoft.yukawa@gmail.com","東京都","2018-10-11 23:30:16","ジュエル","Female","2015-09-21",""
"165","パパ","tester02@ssdn.asia","東京都","2018-10-12 07:38:02","ジュエル","Female","2015-09-21",""
"173","Quang Tri Mobi","t007@yopmail.com","宮城県","2018-10-12 11:23:57","Child 1","Female","2016-10-12",""
"162","パパ","kazuyayukawa@gmail.com","東京都","2018-10-11 23:15:22","Suzuki Seta","Female","2015-03-06",""
"177","Tri Mai Nguyen Quang","t008@yopmail.com","青森県","2018-10-12 15:12:59","後藤 悠真","Male","2016-10-12",""
"8","すずき","hsuzu@essentia.co.jp","神奈川県","2018-08-10 12:30:43","サトシ","Male","2018-10-17",""
"183","パパ","tester01@ssdn.asia","東京都","2018-10-17 14:25:17","ジュエル","Female","2015-09-21",""
"180","Nguyen Van Pa","zxzx@yopmail.com","和歌山県","2018-10-15 12:31:28","kid","Male","2018-11-14",""
"180","Nguyen Van Pa","zxzx@yopmail.com","和歌山県","2018-10-15 12:31:28","new child","Male","2018-11-29",""
"180","Nguyen Van Pa","zxzx@yopmail.com","和歌山県","2018-10-15 12:31:28","new child","Male","2018-11-29",""
"180","Nguyen Van Pa","zxzx@yopmail.com","和歌山県","2018-10-15 12:31:28","Baby","Female","2015-03-06",""
"180","Nguyen Van Pa","zxzx@yopmail.com","和歌山県","2018-10-15 12:31:28","kh1","Male","2011-03-12",""
"220","パパ","essentia.yukawa@gmail.com","東京都","2019-03-18 21:27:26","ジュエル","Female","2015-05-05",""
"221","Cha","d2@yopmail.com","京都府","2019-03-18 23:15:03","Con1","Male","2012-03-18",""
"222","HD300","hd300@mailinator.com","宮城県","2019-03-29 13:26:48","HD300 - Children","Male","2018-01-29",""
"224","Dung","d3@yopmail.com","北海道","2019-05-02 13:24:56","kh1","Male","2019-05-16",""
"227","Tao La Ba","mama@yopmail.com","秋田県","2019-05-17 09:46:36","Tao La Con","Male","2017-05-17",""
"225","test account","t1@yopmail.com","北海道","2019-05-15 16:42:43","child 1","Male","2011-05-15",""
"180","Nguyen Van Pa","zxzx@yopmail.com","和歌山県","2018-10-15 12:31:28","New Kinder","Male","2019-01-28",""
"219","D1","d1@yopmail.com","宮城県","2019-02-18 10:26:25","Garden code","Male","2018-06-04",""
"228","D10","d10@yopmail.com","秋田県","2019-06-04 15:53:06","Con 1","Male","2019-06-04",""
"229","Dũng Trần","d6@yopmail.com","群馬県","2019-06-06 08:17:47","Con 1","Male","2019-06-06",""
"230","Quang Tri","t@yopmail.com","新潟県","2019-06-06 08:18:19","Hana","Female","2019-03-10",""
"231","Papa","6@mailinator.com","宮城県","2019-06-06 08:25:43","Mimi","Female","2014-06-06",""
"232","Mike Nguyen","tester@yopmail.com","宮城県","2019-06-20 19:26:22","Hana","Male","2019-03-10",""
"233","Quang Tri","tri2@yopmail.com","宮城県","2019-08-06 10:29:59","Hana 1","Female","2019-03-10",""
"235","Ba Hana","t7@yopmail.com","宮城県","2019-08-07 08:33:27","Ba Hana","Female","2019-03-10",""
"238","Ba Hana :D","t8@yopmail.com","青森県","2019-08-07 08:51:50","Ba Hana :D","Female","2019-03-10",""
"239","Ba Hana","t9@yopmail.com","宮城県","2019-08-07 08:56:14","Ba Hana","Female","2019-03-10",""
"241","Z4","z4@yopmail.com","青森県","2019-08-07 09:01:13","Z4","Male","2015-08-07",""
"242","Child","dungtn.dev@gmail.com","茨城県","2019-08-07 09:18:36","Child","Male","2019-08-07",""
"243","Quang Tri Mai Nguyễn","mnqtri2509@gmail.com","北海道","2019-08-07 09:24:36","Quang Tri Mai Nguyễn","Female","2019-03-10",""
"244","Sd Fslfjsf","t13@yopmail.com","秋田県","2019-08-07 09:30:59","Sd Fslfjsf","Female","2019-08-07",""
