"Name","Gender","Birthday","Account_id","Parent Name","Parent Prefecture","Parent Email"
"hd3","1","2018-11-04","187","HD","宮城県","hd10@mailinator.com"
"HD1","1","2018-11-09","188","HD","宮城県","hd11@mailinator.com"
"Hd1","1","2018-11-08","193","Hd","秋田県","hd60@mailinator.com"
"con 2","1","2018-11-04","197","cha me","京都府","vd104@mailinator.com"
"fda","1","2018-11-04","197","cha me","京都府","vd104@mailinator.com"
"Student 1","1","2018-11-04","201","Cha me","三重県","vd105@mailinator.com"
"con 2","1","2018-11-04","201","Cha me","三重県","vd105@mailinator.com"
"hd2","1","2018-11-04","204","HD","秋田県","hd66@mailinator.com"
"con 1","1","2018-11-04","206","cha me","京都府","vd66@yopmail.com"
"Con 2","1","2018-11-04","207","cha me","京都府","vd67@yopmail.com"
"con1","1","2019-02-18","219","D1","宮城県","d1@yopmail.com"
"con 3","1","2018-11-04","219","D1","宮城県","d1@yopmail.com"
"dung school","1","2019-03-19","221","Cha","京都府","d2@yopmail.com"
"Dung School KH_4","1","2019-03-25","180","Nguyen Van Pa","和歌山県","zxzx@yopmail.com"
"Con 1","1","2019-09-02","224","Dung","北海道","d3@yopmail.com"
