"Name","Gender","Birthday","Account_id","Parent Name","Parent Prefecture","Parent Email"
"My Nguyen","1","1991-09-19","79","xxxxxxxx","三重県","yy@yopmail.com"
"Ti Nguyen","1","1991-09-19","80","asdasdsd","三重県","ee@yopmail.com"
"Ti Nguyen","1","1991-09-19","82","xxxxxxxxxx","三重県","ll@yopmail.com"
"Hello World","2","2018-10-01","86","Steve","宮城県","t3@yopmail.com"
"Hello World","2","2018-10-01","87","Test","佐賀県","test@yopmail.com"
"Ti Nguyen","1","1991-09-19","91","Nguyen","北海道","kt@yopmail.com"
"aaaaaaaa","1","2008-03-11","101","Fsfsdf","秋田県","t12@yopmail.com"
"dfaswdf","1","2015-02-20","102","Sdf Sdfsd","北海道","t5@yopmail.com"
"Hello World","2","2018-10-01","104","Huy","秋田県","t2@yopmail.com"
"Ti Nguyen","1","1991-09-19","105","Bắp Lai","京都府","tu@yopmail.com"
"Hello World","2","2018-10-01","106","Tad","宮城県","hd21@mailinator.com"
"Hello World","2","2018-10-01","107","Dsad","青森県","hd22@mailinator.com"
"Hello World","2","2018-10-01","108","As","宮城県","hd23@mailinator.com"
"Hello World","2","2018-10-01","110","Hd24","宮城県","hd24@mailinator.com"
"Hello World","2","2018-10-01","111","Quang Tri Mai Nguyễn","岩手県","mnqtri25091@gmail.com"
"Hello World","2","2018-10-01","114","Name 1","千葉県","vd21@yopmail.com"
"Hello World","2","2018-10-01","126","F(","秋田県","hd32@mailinator.com"
"Ti Nguyen","1","1991-09-19","128","dsfsdfs","京都府","vv@yopmail.com"
"Hello World","2","2018-10-01","134","Hd","宮城県","hd35@mailinator.com"
"Hello World","2","2018-10-01","135","Hd 3","秋田県","hd36@mailinator.com"
"Hello World","2","2018-10-01","138","ffd","宮城県","hd38@mailinator.com"
"Con","2","2018-10-01","139","Vy De","三重県","vd22@yopmail.com"
"Hello World","2","2018-10-01","141","123123123","京都府","lal@yopmail.com"
"Hello World","2","2018-10-01","142","Rwerw","宮城県","hd40@mailinator.com"
"Hd1","2","2015-06-08","146","Huy","宮城県","hd42@mailinator.com"
"gdsfgsdfgdf","","2018-09-10","147","dfsdfsdfhhh","三重県","ss@yopmail.com"
"hd4","2","2018-10-01","144","Huy","宮城県","hd41@mailinator.com"
"Con 2","2","2018-10-01","139","Vy De","三重県","vd22@yopmail.com"
"Hello World","2","2018-10-01","148","Hd 234","秋田県","hd44@mailinator.com"
"dfasdfasd","1","2018-09-12","149","fdsgsdf","北海道","nn@yopmail.com"
"Hello World","2","2018-10-01","152","Hd","宮城県","hd45@mailinator.com"
"fasfasdf","1","2005-10-10","154","parent name","兵庫県","xx@yopmail.com"
"Child 2","1","1991-09-19","154","parent name","兵庫県","xx@yopmail.com"
"con 1","2","2018-10-01","157","Parenting plan","三重県","op@yopmail.com"
"Con 2","1","1991-09-19","157","Parenting plan","三重県","op@yopmail.com"
"Dgdfgdg","1","2018-10-01","163","Fslfjsf","北海道","t004@yopmail.com"
"con 1","1","2008-10-12","168","chame","京都府","nb@yopmail.com"
"asdasd","1","2006-10-12","169","papa","京都府","nbb@yopmail.com"
"Con 2","1","2018-10-01","172","Cha me","千葉県","vd34@yopmail.com"
"Hk","1","2015-05-11","174","Hd","青森県","hd46@mailinator.com"
"Con 1","1","2018-10-12","178","Bắp Lai","京都府","cuibap.dev@gmail.com"
"erwr","2","2018-10-01","179","HD","宮城県","hd47@mailinator.com"
"fff","1","2018-04-01","179","HD","宮城県","hd47@mailinator.com"
"con 3","1","2018-10-15","157","Parenting plan","三重県","op@yopmail.com"
"con 3","1","2018-10-15","157","Parenting plan","三重県","op@yopmail.com"
"adddd","1","2018-04-01","180","Nguyen Van Pa","和歌山県","zxzx@yopmail.com"
"kkk","1","2014-08-09","179","HD","宮城県","hd47@mailinator.com"
"rqwr","2","2016-07-11","179","HD","宮城県","hd47@mailinator.com"
"hernamehh","2","2018-10-01","179","HD","宮城県","hd47@mailinator.com"
"hdfhdf","2","1991-09-19","179","HD","宮城県","hd47@mailinator.com"
"adddd","1","2018-04-01","181","HD48","岩手県","hd48@mailinator.com"
"gsd","1","2017-12-06","181","HD48","岩手県","hd48@mailinator.com"
"adddd","1","2018-04-01","182","HD","宮城県","hd51@mailinator.com"
"Con 1","1","2005-10-22","184","Cha","北海道","lk@mailinator.com"
"DDP","1","2012-10-30","185","DD","北海道","dd@yopmail.com"
"DDC","2","2006-10-30","185","DD","北海道","dd@yopmail.com"
"DDC1","1","2011-10-30","185","DD","北海道","dd@yopmail.com"
"Dbdbbsb","2","2018-10-30","186","Tri","青森県","t06@yopmail.com"
"hd2","1","2018-04-01","187","HD","宮城県","hd10@mailinator.com"
"hd1","1","2018-04-01","188","HD","宮城県","hd11@mailinator.com"
"Hd1","1","2018-11-04","189","HD","宮城県","hd13@mailinator.com"
"hd2","1","2018-04-01","189","HD","宮城県","hd13@mailinator.com"
"hd3","1","2018-10-01","189","HD","宮城県","hd13@mailinator.com"
"con 1","1","2018-04-01","190","Cha me","三重県","vd62@yopmail.com"
"addd","1","2018-04-01","190","Cha me","三重県","vd62@yopmail.com"
"Con","1","2018-04-01","191","cha m","京都府","vd100@mailinator.com"
"Con 1","1","2018-04-01","191","cha m","京都府","vd100@mailinator.com"
"Con 1","1","2018-04-01","191","cha m","京都府","vd100@mailinator.com"
"adddd","1","2018-04-01","192","Quang Tri Mai Nguyen","北海道","t07@yopmail.com"
"Con 1","1","2018-11-09","194","Vy De","京都府","vd101@mailinator.com"
"adddd","1","2018-04-01","195","Cha m","佐賀県","vd102@mailinator.com"
"c","1","2018-04-01","195","Cha m","佐賀県","vd102@mailinator.com"
"adddd","1","2018-04-01","196","Cha me","京都府","vd103@mailinator.com"
"Mike","1","1991-09-19","180","Nguyen Van Pa","和歌山県","zxzx@yopmail.com"
"adddd","2","2018-10-01","198","Mai Nguyễn Quang Tri","北海道","dev1@mailinator.com"
"Hd1","1","2018-11-08","199","HD","秋田県","hd61@mailinator.com"
"hd3","1","2018-04-01","199","HD","秋田県","hd61@mailinator.com"
"Hd","1","2018-11-09","200","Hd","宮城県","hd62@mailinator.com"
"hd2","1","2018-04-01","200","Hd","宮城県","hd62@mailinator.com"
"Hd1","1","2018-10-09","202","Hd","岩手県","hd63@mailinator.com"
"hd4","1","2018-11-04","202","Hd","岩手県","hd63@mailinator.com"
"adddd","1","2018-04-01","203","HD","宮城県","hd65@mailinator.com"
"hd2","1","2018-10-11","203","HD","宮城県","hd65@mailinator.com"
"Hd1","1","2018-10-12","204","HD","秋田県","hd66@mailinator.com"
"Con 1","","2018-11-12","205","cha me","三重県","vd64@yopmail.com"
"con 2","1","2018-04-01","205","cha me","三重県","vd64@yopmail.com"
"adddd","1","2018-04-01","206","cha me","京都府","vd66@yopmail.com"
"con 1","1","2018-04-01","206","cha me","京都府","vd66@yopmail.com"
"adddd","1","2018-04-01","207","cha me","京都府","vd67@yopmail.com"
"Child 1","1","2018-11-12","198","Mai Nguyễn Quang Tri","北海道","dev1@mailinator.com"
"abc","1","2018-11-29","180","Nguyen Van Pa","和歌山県","zxzx@yopmail.com"
"Con 1","1","2018-12-24","208","Cha me","兵庫県","vd01@yopmail.com"
"my school","2","2012-02-10","180","Nguyen Van Pa","和歌山県","zxzx@yopmail.com"
"con 2","1","2013-02-18","219","D1","宮城県","d1@yopmail.com"
"My_School","1","2019-05-17","224","Dung","北海道","d3@yopmail.com"
"Z1","1","2019-08-07","236","Z1","北海道","z1@yopmail.com"
"Z2","1","2012-01-07","237","Z2","秋田県","z2@yopmail.com"
"Z3","1","2019-02-07","240","Z3","青森県","z3@yopmail.com"
"Quang Tri Mobi","2","2019-08-07","245","Quang Tri Mobi","岩手県","t14@yopmail.com"
