"Name","Gender","Birthday","Account_id","Parent Name","Parent Prefecture","Parent Email"
"New Kinder","1","2019-01-28","180","Nguyen Van Pa","和歌山県","zxzx@yopmail.com"
"Garden code","1","2018-06-04","219","D1","宮城県","d1@yopmail.com"
"Con 1","1","2019-06-04","228","D10","秋田県","d10@yopmail.com"
"Con 1","1","2019-06-06","229","Dũng Trần","群馬県","d6@yopmail.com"
"Hana","2","2019-03-10","230","Quang Tri","新潟県","t@yopmail.com"
"Mimi","2","2014-06-06","231","Papa","宮城県","6@mailinator.com"
"Hana","1","2019-03-10","232","Mike Nguyen","宮城県","tester@yopmail.com"
"Hana 1","2","2019-03-10","233","Quang Tri","宮城県","tri2@yopmail.com"
"Ba Hana","2","2019-03-10","235","Ba Hana","宮城県","t7@yopmail.com"
"Ba Hana :D","2","2019-03-10","238","Ba Hana :D","青森県","t8@yopmail.com"
"Ba Hana","2","2019-03-10","239","Ba Hana","宮城県","t9@yopmail.com"
"Z4","1","2015-08-07","241","Z4","青森県","z4@yopmail.com"
"Child","1","2019-08-07","242","Child","茨城県","dungtn.dev@gmail.com"
"Quang Tri Mai Nguyễn","2","2019-03-10","243","Quang Tri Mai Nguyễn","北海道","mnqtri2509@gmail.com"
"Sd Fslfjsf","2","2019-08-07","244","Sd Fslfjsf","秋田県","t13@yopmail.com"
