"Name","Gender","Birthday","Account_id","Parent Name","Parent Prefecture","Parent Email"
"太郎","1","2017-03-01","3","サトシ","東京都","nahanaha7@gmail.com"
"亜美","2","2015-03-01","3","サトシ","東京都","nahanaha7@gmail.com"
"りい","1","2013-03-01","7","わかおみあかね","東京都","love.t-g@softbank.ne.jp"
"himari","2","2003-06-10","8","すずき","神奈川県","hsuzu@essentia.co.jp"
"さくらちゃん","1","2013-03-01","9","マルちゃん","長野県","removed_maruyama@mealcare.co.jp"
"ジュエル","2","2015-10-21","5","パパ","東京都","yukawa@seasoft.asia"
"鈴木瀬奈","2","2015-03-06","120","Tri","秋田県","t05@yopmail.com"
"ジュエル","2","2015-09-21","155","パパ","東京都","kazuya@seasoft.asia"
"山田 太郎","1","2017-03-01","156","Mai Nguyễn Quang Tri","宮城県","t001@yopmail.com"
"鈴木瀬奈","2","2015-03-06","157","Parenting plan","三重県","op@yopmail.com"
"まな","1","1999-10-30","158","Hironori Maruyama","長野県","maruyama@mealcare.co.jp"
"ジュエル","2","2015-09-21","159","パパ","東京都","kazuya@yukawa.asia"
"山田 太郎","1","2017-03-01","160","Quang Tri Mobi","秋田県","t002@yopmail.com"
"山田 太郎","1","2017-03-01","161","Quang Tri Mobi","秋田県","t003@yopmail.com"
"ジュエル","2","2015-09-21","162","パパ","東京都","kazuyayukawa@gmail.com"
"ジュエル","2","2015-09-21","164","パパ","東京都","seasoft.yukawa@gmail.com"
"ジュエル","2","2015-09-21","165","パパ","東京都","tester02@ssdn.asia"
"Child 1","2","2016-10-12","173","Quang Tri Mobi","宮城県","t007@yopmail.com"
"Suzuki Seta","2","2015-03-06","162","パパ","東京都","kazuyayukawa@gmail.com"
"後藤 悠真","1","2016-10-12","177","Tri Mai Nguyen Quang","青森県","t008@yopmail.com"
"サトシ","1","2018-10-17","8","すずき","神奈川県","hsuzu@essentia.co.jp"
"ジュエル","2","2015-09-21","183","パパ","東京都","tester01@ssdn.asia"
"kid","1","2018-11-14","180","Nguyen Van Pa","和歌山県","zxzx@yopmail.com"
"new child","1","2018-11-29","180","Nguyen Van Pa","和歌山県","zxzx@yopmail.com"
"new child","1","2018-11-29","180","Nguyen Van Pa","和歌山県","zxzx@yopmail.com"
"Baby","2","2015-03-06","180","Nguyen Van Pa","和歌山県","zxzx@yopmail.com"
"kh1","1","2011-03-12","180","Nguyen Van Pa","和歌山県","zxzx@yopmail.com"
"ジュエル","2","2015-05-05","220","パパ","東京都","essentia.yukawa@gmail.com"
"Con1","1","2012-03-18","221","Cha","京都府","d2@yopmail.com"
"HD300 - Children","1","2018-01-29","222","HD300","宮城県","hd300@mailinator.com"
"kh1","1","2019-05-16","224","Dung","北海道","d3@yopmail.com"
"Tao La Con","1","2017-05-17","227","Tao La Ba","秋田県","mama@yopmail.com"
