"Parent Account ID","Parent Name","Parent Email","Parent Prefecture","Parent Registered Date","Child Name","Child gender","Child Birthday","Child School Link Date"
"79","xxxxxxxx","yy@yopmail.com","三重県","2018-10-08 15:38:52","My Nguyen","Male","1991-09-19",""
"80","asdasdsd","ee@yopmail.com","三重県","2018-10-08 15:44:24","Ti Nguyen","Male","1991-09-19",""
"82","xxxxxxxxxx","ll@yopmail.com","三重県","2018-10-08 15:50:09","Ti Nguyen","Male","1991-09-19",""
"86","Steve","t3@yopmail.com","宮城県","2018-10-08 16:30:51","Hello World","Female","2018-10-01",""
"87","Test","test@yopmail.com","佐賀県","2018-10-09 07:31:32","Hello World","Female","2018-10-01",""
"91","Nguyen","kt@yopmail.com","北海道","2018-10-09 08:58:12","Ti Nguyen","Male","1991-09-19",""
"101","Fsfsdf","t12@yopmail.com","秋田県","2018-10-09 11:28:51","aaaaaaaa","Male","2008-03-11",""
"102","Sdf Sdfsd","t5@yopmail.com","北海道","2018-10-09 12:53:57","dfaswdf","Male","2015-02-20",""
"104","Huy","t2@yopmail.com","秋田県","2018-10-09 13:15:56","Hello World","Female","2018-10-01",""
"105","Bắp Lai","tu@yopmail.com","京都府","2018-10-09 13:20:48","Ti Nguyen","Male","1991-09-19",""
"106","Tad","hd21@mailinator.com","宮城県","2018-10-09 13:20:55","Hello World","Female","2018-10-01",""
"107","Dsad","hd22@mailinator.com","青森県","2018-10-09 13:23:54","Hello World","Female","2018-10-01",""
"108","As","hd23@mailinator.com","宮城県","2018-10-09 13:52:18","Hello World","Female","2018-10-01",""
"110","Hd24","hd24@mailinator.com","宮城県","2018-10-09 14:01:42","Hello World","Female","2018-10-01",""
"111","Quang Tri Mai Nguyễn","mnqtri25091@gmail.com","岩手県","2018-10-09 15:03:43","Hello World","Female","2018-10-01",""
"114","Name 1","vd21@yopmail.com","千葉県","2018-10-09 16:19:58","Hello World","Female","2018-10-01",""
"126","F(","hd32@mailinator.com","秋田県","2018-10-11 13:10:14","Hello World","Female","2018-10-01",""
"128","dsfsdfs","vv@yopmail.com","京都府","2018-10-11 13:13:23","Ti Nguyen","Male","1991-09-19",""
"134","Hd","hd35@mailinator.com","宮城県","2018-10-11 13:33:14","Hello World","Female","2018-10-01",""
"135","Hd 3","hd36@mailinator.com","秋田県","2018-10-11 13:42:29","Hello World","Female","2018-10-01",""
"138","ffd","hd38@mailinator.com","宮城県","2018-10-11 13:52:23","Hello World","Female","2018-10-01",""
"139","Vy De","vd22@yopmail.com","三重県","2018-10-11 14:04:34","Con","Female","2018-10-01",""
"141","123123123","lal@yopmail.com","京都府","2018-10-11 15:08:04","Hello World","Female","2018-10-01",""
"142","Rwerw","hd40@mailinator.com","宮城県","2018-10-11 15:15:35","Hello World","Female","2018-10-01",""
"146","Huy","hd42@mailinator.com","宮城県","2018-10-11 15:50:30","Hd1","Female","2015-06-08",""
"147","dfsdfsdfhhh","ss@yopmail.com","三重県","2018-10-11 15:52:36","gdsfgsdfgdf","Female","2018-09-10",""
"144","Huy","hd41@mailinator.com","宮城県","2018-10-11 15:46:45","hd4","Female","2018-10-01",""
"139","Vy De","vd22@yopmail.com","三重県","2018-10-11 14:04:34","Con 2","Female","2018-10-01",""
"148","Hd 234","hd44@mailinator.com","秋田県","2018-10-11 16:54:51","Hello World","Female","2018-10-01",""
"149","fdsgsdf","nn@yopmail.com","北海道","2018-10-11 16:58:33","dfasdfasd","Male","2018-09-12",""
"152","Hd","hd45@mailinator.com","宮城県","2018-10-11 17:21:14","Hello World","Female","2018-10-01",""
"154","parent name","xx@yopmail.com","兵庫県","2018-10-11 19:22:53","fasfasdf","Male","2005-10-10",""
"154","parent name","xx@yopmail.com","兵庫県","2018-10-11 19:22:53","Child 2","Male","1991-09-19",""
"157","Parenting plan","op@yopmail.com","三重県","2018-10-11 20:07:38","con 1","Female","2018-10-01",""
"157","Parenting plan","op@yopmail.com","三重県","2018-10-11 20:07:38","Con 2","Male","1991-09-19",""
"163","Fslfjsf","t004@yopmail.com","北海道","2018-10-11 23:18:15","Dgdfgdg","Male","2018-10-01",""
"168","chame","nb@yopmail.com","京都府","2018-10-12 08:21:57","con 1","Male","2008-10-12",""
"169","papa","nbb@yopmail.com","京都府","2018-10-12 08:34:40","asdasd","Male","2006-10-12",""
"172","Cha me","vd34@yopmail.com","千葉県","2018-10-12 09:27:23","Con 2","Male","2018-10-01",""
"174","Hd","hd46@mailinator.com","青森県","2018-10-12 13:05:12","Hk","Male","2015-05-11",""
"178","Bắp Lai","cuibap.dev@gmail.com","京都府","2018-10-12 15:32:38","Con 1","Male","2018-10-12",""
"179","HD","hd47@mailinator.com","宮城県","2018-10-15 10:48:34","erwr","Female","2018-10-01",""
"179","HD","hd47@mailinator.com","宮城県","2018-10-15 10:48:34","fff","Male","2018-04-01",""
"157","Parenting plan","op@yopmail.com","三重県","2018-10-11 20:07:38","con 3","Male","2018-10-15",""
"157","Parenting plan","op@yopmail.com","三重県","2018-10-11 20:07:38","con 3","Male","2018-10-15",""
"180","Nguyen Van Pa","zxzx@yopmail.com","和歌山県","2018-10-15 12:31:28","adddd","Male","2018-04-01",""
"179","HD","hd47@mailinator.com","宮城県","2018-10-15 10:48:34","kkk","Male","2014-08-09",""
"179","HD","hd47@mailinator.com","宮城県","2018-10-15 10:48:34","rqwr","Female","2016-07-11",""
"179","HD","hd47@mailinator.com","宮城県","2018-10-15 10:48:34","hernamehh","Female","2018-10-01",""
"179","HD","hd47@mailinator.com","宮城県","2018-10-15 10:48:34","hdfhdf","Female","1991-09-19",""
"181","HD48","hd48@mailinator.com","岩手県","2018-10-15 15:57:44","adddd","Male","2018-04-01",""
"181","HD48","hd48@mailinator.com","岩手県","2018-10-15 15:57:44","gsd","Male","2017-12-06",""
"182","HD","hd51@mailinator.com","宮城県","2018-10-16 15:42:32","adddd","Male","2018-04-01",""
"184","Cha","lk@mailinator.com","北海道","2018-10-22 13:08:25","Con 1","Male","2005-10-22",""
"185","DD","dd@yopmail.com","北海道","2018-10-30 13:28:05","DDP","Male","2012-10-30",""
"185","DD","dd@yopmail.com","北海道","2018-10-30 13:28:05","DDC","Female","2006-10-30",""
"185","DD","dd@yopmail.com","北海道","2018-10-30 13:28:05","DDC1","Male","2011-10-30",""
"186","Tri","t06@yopmail.com","青森県","2018-10-30 13:46:12","Dbdbbsb","Female","2018-10-30",""
"187","HD","hd10@mailinator.com","宮城県","2018-11-09 10:46:35","hd2","Male","2018-04-01",""
"188","HD","hd11@mailinator.com","宮城県","2018-11-09 11:16:15","hd1","Male","2018-04-01",""
"189","HD","hd13@mailinator.com","宮城県","2018-11-09 12:48:35","Hd1","Male","2018-11-04",""
"189","HD","hd13@mailinator.com","宮城県","2018-11-09 12:48:35","hd2","Male","2018-04-01",""
"189","HD","hd13@mailinator.com","宮城県","2018-11-09 12:48:35","hd3","Male","2018-10-01",""
"190","Cha me","vd62@yopmail.com","三重県","2018-11-09 13:18:14","con 1","Male","2018-04-01",""
"190","Cha me","vd62@yopmail.com","三重県","2018-11-09 13:18:14","addd","Male","2018-04-01",""
"191","cha m","vd100@mailinator.com","京都府","2018-11-09 14:01:26","Con","Male","2018-04-01",""
"191","cha m","vd100@mailinator.com","京都府","2018-11-09 14:01:26","Con 1","Male","2018-04-01",""
"191","cha m","vd100@mailinator.com","京都府","2018-11-09 14:01:26","Con 1","Male","2018-04-01",""
"192","Quang Tri Mai Nguyen","t07@yopmail.com","北海道","2018-11-09 14:27:59","adddd","Male","2018-04-01",""
"194","Vy De","vd101@mailinator.com","京都府","2018-11-09 14:38:38","Con 1","Male","2018-11-09",""
"195","Cha m","vd102@mailinator.com","佐賀県","2018-11-09 14:52:00","adddd","Male","2018-04-01",""
"195","Cha m","vd102@mailinator.com","佐賀県","2018-11-09 14:52:00","c","Male","2018-04-01",""
"196","Cha me","vd103@mailinator.com","京都府","2018-11-09 15:00:28","adddd","Male","2018-04-01",""
"180","Nguyen Van Pa","zxzx@yopmail.com","和歌山県","2018-10-15 12:31:28","Mike","Male","1991-09-19",""
"198","Mai Nguyễn Quang Tri","dev1@mailinator.com","北海道","2018-11-09 15:26:13","adddd","Female","2018-10-01",""
"199","HD","hd61@mailinator.com","秋田県","2018-11-09 16:11:55","Hd1","Male","2018-11-08",""
"199","HD","hd61@mailinator.com","秋田県","2018-11-09 16:11:55","hd3","Male","2018-04-01",""
"200","Hd","hd62@mailinator.com","宮城県","2018-11-09 16:26:17","Hd","Male","2018-11-09",""
"200","Hd","hd62@mailinator.com","宮城県","2018-11-09 16:26:17","hd2","Male","2018-04-01",""
"202","Hd","hd63@mailinator.com","岩手県","2018-11-09 16:34:12","Hd1","Male","2018-10-09",""
"202","Hd","hd63@mailinator.com","岩手県","2018-11-09 16:34:12","hd4","Male","2018-11-04",""
"203","HD","hd65@mailinator.com","宮城県","2018-11-12 07:23:04","adddd","Male","2018-04-01",""
"203","HD","hd65@mailinator.com","宮城県","2018-11-12 07:23:04","hd2","Male","2018-10-11",""
"204","HD","hd66@mailinator.com","秋田県","2018-11-12 07:55:36","Hd1","Male","2018-10-12",""
"205","cha me","vd64@yopmail.com","三重県","2018-11-12 07:56:15","Con 1","Female","2018-11-12",""
"205","cha me","vd64@yopmail.com","三重県","2018-11-12 07:56:15","con 2","Male","2018-04-01",""
"206","cha me","vd66@yopmail.com","京都府","2018-11-12 08:20:14","adddd","Male","2018-04-01",""
"206","cha me","vd66@yopmail.com","京都府","2018-11-12 08:20:14","con 1","Male","2018-04-01",""
"207","cha me","vd67@yopmail.com","京都府","2018-11-12 08:46:24","adddd","Male","2018-04-01",""
"198","Mai Nguyễn Quang Tri","dev1@mailinator.com","北海道","2018-11-09 15:26:13","Child 1","Male","2018-11-12",""
"180","Nguyen Van Pa","zxzx@yopmail.com","和歌山県","2018-10-15 12:31:28","abc","Male","2018-11-29",""
"208","Cha me","vd01@yopmail.com","兵庫県","2018-12-24 08:27:28","Con 1","Male","2018-12-24",""
"180","Nguyen Van Pa","zxzx@yopmail.com","和歌山県","2018-10-15 12:31:28","my school","Female","2012-02-10",""
"219","D1","d1@yopmail.com","宮城県","2019-02-18 10:26:25","con 2","Male","2013-02-18",""
"224","Dung","d3@yopmail.com","北海道","2019-05-02 13:24:56","My_School","Male","2019-05-17",""
"236","Z1","z1@yopmail.com","北海道","2019-08-07 08:37:03","Z1","Male","2019-08-07",""
"237","Z2","z2@yopmail.com","秋田県","2019-08-07 08:42:54","Z2","Male","2012-01-07",""
"240","Z3","z3@yopmail.com","青森県","2019-08-07 08:58:06","Z3","Male","2019-02-07",""
"245","Quang Tri Mobi","t14@yopmail.com","岩手県","2019-08-07 11:17:47","Quang Tri Mobi","Female","2019-08-07",""
