"Parent Account ID","Parent Name","Parent Email","Parent Prefecture","Parent Registered Date","Child Name","Child gender","Child Birthday","Child School Link Date"
"225","test account","t1@yopmail.com","北海道","2019-05-15 16:42:43","child 1","Male","2011-05-15",""
"180","Nguyen Van Pa","zxzx@yopmail.com","和歌山県","2018-10-15 12:31:28","New Kinder","Male","2019-01-28",""
"219","D1","d1@yopmail.com","宮城県","2019-02-18 10:26:25","Garden code","Male","2018-06-04",""
"228","D10","d10@yopmail.com","秋田県","2019-06-04 15:53:06","Con 1","Male","2019-06-04",""
"229","Dũng Trần","d6@yopmail.com","群馬県","2019-06-06 08:17:47","Con 1","Male","2019-06-06",""
"230","Quang Tri","t@yopmail.com","新潟県","2019-06-06 08:18:19","Hana","Female","2019-03-10",""
"231","Papa","6@mailinator.com","宮城県","2019-06-06 08:25:43","Mimi","Female","2014-06-06",""
"232","Mike Nguyen","tester@yopmail.com","宮城県","2019-06-20 19:26:22","Hana","Male","2019-03-10",""
"233","Quang Tri","tri2@yopmail.com","宮城県","2019-08-06 10:29:59","Hana 1","Female","2019-03-10",""
"235","Ba Hana","t7@yopmail.com","宮城県","2019-08-07 08:33:27","Ba Hana","Female","2019-03-10",""
"238","Ba Hana :D","t8@yopmail.com","青森県","2019-08-07 08:51:50","Ba Hana :D","Female","2019-03-10",""
"239","Ba Hana","t9@yopmail.com","宮城県","2019-08-07 08:56:14","Ba Hana","Female","2019-03-10",""
"241","Z4","z4@yopmail.com","青森県","2019-08-07 09:01:13","Z4","Male","2015-08-07",""
"242","Child","dungtn.dev@gmail.com","茨城県","2019-08-07 09:18:36","Child","Male","2019-08-07",""
"243","Quang Tri Mai Nguyễn","mnqtri2509@gmail.com","北海道","2019-08-07 09:24:36","Quang Tri Mai Nguyễn","Female","2019-03-10",""
"244","Sd Fslfjsf","t13@yopmail.com","秋田県","2019-08-07 09:30:59","Sd Fslfjsf","Female","2019-08-07",""
